First Name,Last Name,Mailing Address,Mailing City,Mailing State,Mailing Zip,Property Address,Property City,Property State,Property Zip,Lead Type,Document Type,Date Filed,Document Number,Amount/Debt Owed,Seller Score,Motivated Seller Flags,Source,Public Records URL
All Persons,Known,,,,,349 JAMES P. BRAWLEY DRIVE,,GA,,Pre-Foreclosure,Notice of Sale Under Power,2026-09-30,GPN-FN4670,,75,Pre-foreclosure; New this week; Unknown heirs / unsettled estate; Owns 2 distressed properties,Georgia Public Notice (legal organ advertisement),https://www.georgiapublicnotice.com/search.aspx
,,,,,,3157 BROWNS MILL RD,,GA,,Pre-Foreclosure,Notice of Sale Under Power,2026-09-30,GPN-FN4575,,70,Pre-foreclosure; New this week; Unknown heirs / unsettled estate,Georgia Public Notice (legal organ advertisement),https://www.georgiapublicnotice.com/search.aspx
,,,,,,1980 STANTON ROAD,,GA,,Pre-Foreclosure,Notice of Sale Under Power,2026-09-30,GPN-FN3308,,70,Pre-foreclosure; New this week,Georgia Public Notice (legal organ advertisement),https://www.georgiapublicnotice.com/search.aspx
Surviving Joint,Jennifer B Mautz,,,,,,,GA,,Pre-Foreclosure,Notice of Sale Under Power,2026-09-30,GPN-FN4002,,65,Pre-foreclosure; New this week,Georgia Public Notice (legal organ advertisement),https://www.georgiapublicnotice.com/search.aspx
"OK INVESTMENTS LLC, A GEORGIA",,,,,,,,GA,,Pre-Foreclosure,Notice of Sale Under Power,2026-09-30,GPN-FN3877,,65,Pre-foreclosure; LLC / corp owner; New this week,Georgia Public Notice (legal organ advertisement),https://www.georgiapublicnotice.com/search.aspx
Patricia G,Dinwiddie,,,,,,,GA,,Pre-Foreclosure,Notice of Sale Under Power,2026-09-30,GPN-FN3594,,65,Pre-foreclosure; New this week,Georgia Public Notice (legal organ advertisement),https://www.georgiapublicnotice.com/search.aspx
ESTATE,,,,,,,,GA,,Pre-Foreclosure,Notice of Sale Under Power,2026-09-30,GPN-FN3481,,65,Pre-foreclosure; New this week,Georgia Public Notice (legal organ advertisement),https://www.georgiapublicnotice.com/search.aspx
ANEEQ INVESTMENTS LLC ANEEQ INVESTMENTS,,,,,,2225 CARVER DR NW,,GA,,Tax Delinquent / Tax Sale,Legal Notice (TAX),2026-09-30,GPN-FN3601,,65,Tax delinquent; LLC / corp owner; New this week,Georgia Public Notice (legal organ advertisement),https://www.georgiapublicnotice.com/search.aspx
MELISSA BROWN YORKTOWN GROUP LLC,,,,,,,,GA,,Tax Delinquent / Tax Sale,Legal Notice (TAX),2026-09-30,GPN-FN4457,,60,Tax delinquent; LLC / corp owner; New this week,Georgia Public Notice (legal organ advertisement),https://www.georgiapublicnotice.com/search.aspx
Whom It May,Concern,,,,,,,GA,,Probate / Estate,Legal Notice (PRO),2026-09-02,GPN-FN3366,,60,Probate / estate; New this week,Georgia Public Notice (legal organ advertisement),https://www.georgiapublicnotice.com/search.aspx
